123,Abadie,Psicología
279,Abal,Ing. Informática
96,Aguerrondo,Derecho
267,Aicardi,Psicología
330,Alberti,Derecho
226,Aldecosea,Medicina
154,Alegre,Medicina
259,Alonso,Ing. Informática
281,Alpuy,Ing. Informática
189,Arevalo,Psicología
226,Artola,Derecho
33,Auza,Medicina
292,Ayub,Psicología
341,Bais,Derecho
169,Balduini,Ing. Informática
192,Balsa,Psicología
165,Barnada,Medicina
255,Barral,Ing. Informática
276,Barrios,Psicología
321,Bartte,Derecho
254,Beloso,Medicina
183,Benitez,Derecho
133,Benvenuto,Ing. Informática
165,Bertoletti,Psicología
346,Bidegain,Derecho
15,Biderman,Medicina
105,Boldrini,Ing. Informática
316,Borsari,Psicología
1,Carballo,Derecho
52,Carriquiry,Medicina
364,Carrizo,Medicina
81,Casas,Ing. Informática
157,Castro,Psicología
88,Celi,Derecho
72,Chalela,Ing. Informática
36,Chiappini,Medicina
69,Cicao,Ing. Informática
180,Coniglio,Psicología
15,Corubolo,Psicología
399,Costa,Derecho
162,Coutinho,Derecho
142,Cozza,Medicina
379,Crivelli,Ing. Informática
165,Cubas,Psicología
179,Da Rosa,Medicina
240,De Abreu,Psicología
315,De Santiago,Derecho
344,Delbugio,Medicina
11,Delgado,Ing. Informática
237,Di Salvatore,Medicina
130,Diaz,Psicología
232,Dibot,Ing. Informática
50,Diccianni,Medicina
61,Dinardi,Psicología
209,Dos Santos,Ing. Informática
141,Dotta,Psicología
9,Elena,Derecho
391,Escobar,Derecho
121,Escudero,Medicina
63,Espinosa,Ing. Informática
366,Fedullo,Medicina
1,Feirres,Psicología
110,Fekete,Derecho
281,Fernandez,Medicina
316,Ferreira,Psicología
1,Fia,Ing. Informática
176,Folco,Psicología
285,Gago,Derecho
124,Garcia,Medicina
6,Gardiol,Ing. Informática
247,Gelos,Psicología
240,Giménez,Derecho
201,Godoy,Medicina
10,Gonzalez,Ing. Informática
2,Handalian,Derecho
148,Heguy,Medicina
13,Hernandez,Medicina
283,Iglesias,Ing. Informática
197,Iriarte,Psicología
151,Izquierdo,Ing. Informática
121,Kosut,Derecho
318,Kraiñuk,Psicología
341,Kurucz,Medicina
166,Laborde,Ing. Informática
68,Lado,Psicología
328,Leites,Derecho
308,Lemos,Derecho
50,Lima,Medicina
6,Lopez,Ing. Informática
250,Lupacchino,Derecho
331,Machado,Medicina
241,Magalhaes,Ing. Informática
234,Mamberto,Psicología
377,Mandirola,Medicina
359,Maresca,Ing. Informática
159,Márquez,Derecho
303,Martín,Medicina
292,Martínez,Psicología
365,Maz,Derecho
136,Mazza,Medicina
337,Meana,Psicología
133,Montero,Derecho
274,Moreno,Medicina
95,Morgavi,Ing. Informática
208,Moya,Psicología
312,Noblega,Derecho
243,Nolberque,Medicina
68,Nuñez,Ing. Informática
62,Oliú,Psicología
93,Olivera,Ing. Informática
274,Pardo,Derecho
352,Parente,Medicina
166,Pelacchi,Ing. Informática
138,Perdomo,Psicología
400,Pérez,Psicología
84,Pintos,Medicina
42,Piñeiro,Derecho
321,Placeres,Ing. Informática
104,Ponce,Psicología
299,Puchet,Derecho
156,Pujadas,Medicina
178,Rakovsky,Medicina
279,Ramos,Ing. Informática
356,Ríos,Psicología
197,Rivera,Derecho
138,Rocco,Medicina
355,Rodríguez,Psicología
292,Rojas,Derecho
55,Romero,Medicina
149,Russi,Ing. Informática
315,Sampil,Ing. Informática
97,Sapriza,Psicología
227,Saralegui,Derecho
110,Sarasola,Psicología
141,Scigliano,Medicina
10,Scocozza,Derecho
368,Scott,Ing. Informática
138,Segovia,Psicología
260,Siccardi,Derecho
213,Siciliano,Medicina
264,Silva,Ing. Informática
329,Silveira,Psicología
295,Solomita,Medicina
302,Sorondo,Derecho
275,Sosa,Ing. Informática
224,Tamosiunas,Medicina
210,Valín,Ing. Informática
294,Vargas,Psicología
298,Vera,Derecho
118,Viera,Psicología
174,Villaverde,Derecho
99,Vonrotz,Medicina
308,Yuane,Ing. Informática
342,Zulueta,Medicina